4.847288899602458234e-01,3.948316239609698242e-01,-1.797958049935196589e-01
4.847288899602458234e-01,3.936856463594072819e-01,-1.797958049935196589e-01
4.847288899602458234e-01,3.925396687578447397e-01,-1.797958049935196589e-01
4.847288899602458234e-01,3.913936911562822529e-01,-1.797958049935196589e-01
4.847288899602458234e-01,3.902477135547197107e-01,-1.797958049935196589e-01
4.847288899602458234e-01,3.891017359531571684e-01,-1.797958049935196589e-01
4.847288899602458234e-01,3.879557583515946262e-01,-1.797958049935196589e-01
4.847288899602458234e-01,3.868097807500320839e-01,-1.797958049935196589e-01
4.847288899602458234e-01,3.856638031484695417e-01,-1.797958049935196589e-01
4.847288899602458234e-01,3.845178255469070550e-01,-1.797958049935196589e-01
4.847288899602458234e-01,3.833718479453445127e-01,-1.797958049935196589e-01
4.847288899602458234e-01,3.822258703437819705e-01,-1.797958049935196589e-01
4.847288899602458234e-01,3.810798927422194282e-01,-1.797958049935196589e-01
4.847288899602458234e-01,3.799339151406568860e-01,-1.797958049935196589e-01
4.847288899602458234e-01,3.787879375390943437e-01,-1.797958049935196589e-01
4.847288899602458234e-01,3.776419599375318570e-01,-1.797958049935196589e-01
4.847288899602458234e-01,3.764959823359693147e-01,-1.797958049935196589e-01
4.847288899602458234e-01,3.753500047344067725e-01,-1.797958049935196589e-01
4.847288899602458234e-01,3.742040271328442302e-01,-1.797958049935196589e-01
4.847288899602458234e-01,3.730580495312816880e-01,-1.797958049935196589e-01
4.847288899602458234e-01,3.719120719297192013e-01,-1.797958049935196589e-01
4.847288899602458234e-01,3.707660943281566590e-01,-1.797958049935196589e-01
4.847288899602458234e-01,3.696201167265941168e-01,-1.797958049935196589e-01
4.847288899602458234e-01,3.684741391250315745e-01,-1.797958049935196589e-01
4.847288899602458234e-01,3.673281615234690323e-01,-1.797958049935196589e-01
4.847288899602458234e-01,3.661821839219064900e-01,-1.797958049935196589e-01
4.847288899602458234e-01,3.650362063203440033e-01,-1.797958049935196589e-01
4.847288899602458234e-01,3.638902287187814610e-01,-1.797958049935196589e-01
4.847288899602458234e-01,3.627442511172189188e-01,-1.797958049935196589e-01
4.847288899602458234e-01,3.615982735156563765e-01,-1.797958049935196589e-01
4.847288899602458234e-01,3.604522959140938343e-01,-1.797958049935196589e-01
4.847288899602458234e-01,3.593063183125313476e-01,-1.797958049935196589e-01
4.847288899602458234e-01,3.581603407109688053e-01,-1.797958049935196589e-01
4.847288899602458234e-01,3.570143631094062631e-01,-1.797958049935196589e-01
4.847288899602458234e-01,3.558683855078437208e-01,-1.797958049935196589e-01
4.847288899602458234e-01,3.547224079062811786e-01,-1.797958049935196589e-01
4.847288899602458234e-01,3.535764303047186363e-01,-1.797958049935196589e-01
4.847288899602458234e-01,3.524304527031560941e-01,-1.797958049935196589e-01
4.847288899602458234e-01,3.512844751015936073e-01,-1.797958049935196589e-01
4.847288899602458234e-01,3.501384975000310651e-01,-1.797958049935196589e-01
4.847288899602458234e-01,3.489925198984685228e-01,-1.797958049935196589e-01
4.847288899602458234e-01,3.478465422969059806e-01,-1.797958049935196589e-01
4.847288899602458234e-01,3.467005646953434383e-01,-1.797958049935196589e-01
4.847288899602458234e-01,3.455545870937809516e-01,-1.797958049935196589e-01
4.847288899602458234e-01,3.444086094922184094e-01,-1.797958049935196589e-01
4.847288899602458234e-01,3.432626318906558671e-01,-1.797958049935196589e-01
4.847288899602458234e-01,3.421166542890933249e-01,-1.797958049935196589e-01
4.847288899602458234e-01,3.409706766875307826e-01,-1.797958049935196589e-01
4.847288899602458234e-01,3.398246990859682404e-01,-1.797958049935196589e-01
4.847288899602458234e-01,3.386787214844057536e-01,-1.797958049935196589e-01
4.847288899602458234e-01,3.375327438828432114e-01,-1.797958049935196589e-01
4.847288899602458234e-01,3.363867662812806691e-01,-1.797958049935196589e-01
4.847288899602458234e-01,3.352407886797181269e-01,-1.797958049935196589e-01
4.847288899602458234e-01,3.340948110781555846e-01,-1.797958049935196589e-01
4.847288899602458234e-01,3.329488334765930979e-01,-1.797958049935196589e-01
4.847288899602458234e-01,3.318028558750305557e-01,-1.797958049935196589e-01
4.847288899602458234e-01,3.306568782734680134e-01,-1.797958049935196589e-01
4.847288899602458234e-01,3.295109006719054712e-01,-1.797958049935196589e-01
4.847288899602458234e-01,3.283649230703429289e-01,-1.797958049935196589e-01
4.847288899602458234e-01,3.272189454687803867e-01,-1.797958049935196589e-01
4.847288899602458234e-01,3.260729678672178444e-01,-1.797958049935196589e-01
4.847288899602458234e-01,3.249269902656553577e-01,-1.797958049935196589e-01
4.847288899602458234e-01,3.237810126640928154e-01,-1.797958049935196589e-01
4.847288899602458234e-01,3.226350350625302732e-01,-1.797958049935196589e-01
4.847288899602458234e-01,3.214890574609677310e-01,-1.797958049935196589e-01
4.847288899602458234e-01,3.203430798594052442e-01,-1.797958049935196589e-01
4.847288899602458234e-01,3.191971022578427020e-01,-1.797958049935196589e-01
4.847288899602458234e-01,3.180511246562801597e-01,-1.797958049935196589e-01
4.847288899602458234e-01,3.169051470547176175e-01,-1.797958049935196589e-01
4.847288899602458234e-01,3.157591694531550752e-01,-1.797958049935196589e-01
4.847288899602458234e-01,3.146131918515925330e-01,-1.797958049935196589e-01
4.847288899602458234e-01,3.134672142500299907e-01,-1.797958049935196589e-01
4.847288899602458234e-01,3.123212366484675040e-01,-1.797958049935196589e-01
4.847288899602458234e-01,3.111752590469049617e-01,-1.797958049935196589e-01
4.847288899602458234e-01,3.100292814453424195e-01,-1.797958049935196589e-01
4.847288899602458234e-01,3.088833038437798773e-01,-1.797958049935196589e-01
4.847288899602458234e-01,3.077373262422173350e-01,-1.797958049935196589e-01
4.847288899602458234e-01,3.065913486406548483e-01,-1.797958049935196589e-01
4.847288899602458234e-01,3.054453710390923060e-01,-1.797958049935196589e-01
4.847288899602458234e-01,3.042993934375297638e-01,-1.797958049935196589e-01
4.847288899602458234e-01,3.031534158359672215e-01,-1.797958049935196589e-01
4.847288899602458234e-01,3.020074382344046793e-01,-1.797958049935196589e-01
4.847288899602458234e-01,3.008614606328421370e-01,-1.797958049935196589e-01
4.847288899602458234e-01,2.997154830312795948e-01,-1.797958049935196589e-01
4.847288899602458234e-01,2.985695054297171080e-01,-1.797958049935196589e-01
4.847288899602458234e-01,2.974235278281545658e-01,-1.797958049935196589e-01
4.847288899602458234e-01,2.962775502265920236e-01,-1.797958049935196589e-01
4.847288899602458234e-01,2.951315726250294813e-01,-1.797958049935196589e-01
4.847288899602458234e-01,2.939855950234669946e-01,-1.797958049935196589e-01
4.847288899602458234e-01,2.928396174219044523e-01,-1.797958049935196589e-01
4.847288899602458234e-01,2.916936398203419101e-01,-1.797958049935196589e-01
4.847288899602458234e-01,2.905476622187793678e-01,-1.797958049935196589e-01
4.847288899602458234e-01,2.894016846172168256e-01,-1.797958049935196589e-01
4.847288899602458234e-01,2.882557070156542833e-01,-1.797958049935196589e-01
4.847288899602458234e-01,2.871097294140917411e-01,-1.797958049935196589e-01
4.847288899602458234e-01,2.859637518125292543e-01,-1.797958049935196589e-01
4.847288899602458234e-01,2.848177742109667121e-01,-1.797958049935196589e-01
4.847288899602458234e-01,2.836717966094041699e-01,-1.797958049935196589e-01
4.847288899602458234e-01,2.825258190078416276e-01,-1.797958049935196589e-01
4.847288899602458234e-01,2.813798414062791409e-01,-1.797958049935196589e-01
4.847288899602458234e-01,2.802338638047165986e-01,-1.797958049935196589e-01
4.847288899602458234e-01,2.790878862031540564e-01,-1.797958049935196589e-01
4.847288899602458234e-01,2.779419086015915141e-01,-1.797958049935196589e-01
4.847288899602458234e-01,2.767959310000289719e-01,-1.797958049935196589e-01
4.847288899602458234e-01,2.756499533984664296e-01,-1.797958049935196589e-01
4.847288899602458234e-01,2.745039757969038874e-01,-1.797958049935196589e-01
4.847288899602458234e-01,2.733579981953414006e-01,-1.797958049935196589e-01
4.847288899602458234e-01,2.722120205937788584e-01,-1.797958049935196589e-01
4.847288899602458234e-01,2.710660429922163162e-01,-1.797958049935196589e-01
4.847288899602458234e-01,2.699200653906537739e-01,-1.797958049935196589e-01
4.847288899602458234e-01,2.687740877890912872e-01,-1.797958049935196589e-01
4.847288899602458234e-01,2.676281101875287449e-01,-1.797958049935196589e-01
4.847288899602458234e-01,2.664821325859662027e-01,-1.797958049935196589e-01
4.847288899602458234e-01,2.653361549844036604e-01,-1.797958049935196589e-01
4.847288899602458234e-01,2.641901773828411182e-01,-1.797958049935196589e-01
4.847288899602458234e-01,2.630441997812785759e-01,-1.797958049935196589e-01
4.847288899602458234e-01,2.618982221797160337e-01,-1.797958049935196589e-01
4.847288899602458234e-01,2.607522445781534914e-01,-1.797958049935196589e-01
4.847288899602458234e-01,2.596062669765909492e-01,-1.797958049935196589e-01
4.847288899602458234e-01,2.584602893750284625e-01,-1.797958049935196589e-01
4.847288899602458234e-01,2.573143117734659202e-01,-1.797958049935196589e-01
4.847288899602458234e-01,2.561683341719034335e-01,-1.797958049935196589e-01
4.847288899602458234e-01,2.550223565703408912e-01,-1.797958049935196589e-01
4.847288899602458234e-01,2.538763789687783490e-01,-1.797958049935196589e-01
4.847288899602458234e-01,2.527304013672158067e-01,-1.797958049935196589e-01
4.847288899602458234e-01,2.515844237656532645e-01,-1.797958049935196589e-01
4.847288899602458234e-01,2.504384461640907222e-01,-1.797958049935196589e-01
4.847288899602458234e-01,2.492924685625282077e-01,-1.797958049935196589e-01
4.847288899602458234e-01,2.481464909609656655e-01,-1.797958049935196589e-01
4.847288899602458234e-01,2.470005133594031232e-01,-1.797958049935196589e-01
4.847288899602458234e-01,2.458545357578406088e-01,-1.797958049935196589e-01
4.847288899602458234e-01,2.447085581562780665e-01,-1.797958049935196589e-01
4.847288899602458234e-01,2.435625805547155243e-01,-1.797958049935196589e-01
4.847288899602458234e-01,2.424166029531530098e-01,-1.797958049935196589e-01
4.847288899602458234e-01,2.412706253515904675e-01,-1.797958049935196589e-01
4.847288899602458234e-01,2.401246477500279253e-01,-1.797958049935196589e-01
4.847288899602458234e-01,2.389786701484654108e-01,-1.797958049935196589e-01
4.847288899602458234e-01,2.378326925469028685e-01,-1.797958049935196589e-01
4.847288899602458234e-01,2.366867149453403540e-01,-1.797958049935196589e-01
4.847288899602458234e-01,2.355407373437778118e-01,-1.797958049935196589e-01
4.847288899602458234e-01,2.343947597422152695e-01,-1.797958049935196589e-01
4.847288899602458234e-01,2.332487821406527551e-01,-1.797958049935196589e-01
4.847288899602458234e-01,2.321028045390902128e-01,-1.797958049935196589e-01
4.847288899602458234e-01,2.309568269375276706e-01,-1.797958049935196589e-01
4.847288899602458234e-01,2.298108493359651561e-01,-1.797958049935196589e-01
4.847288899602458234e-01,2.286648717344026138e-01,-1.797958049935196589e-01
4.847288899602458234e-01,2.275188941328400716e-01,-1.797958049935196589e-01
4.847288899602458234e-01,2.263729165312775571e-01,-1.797958049935196589e-01
4.847288899602458234e-01,2.252269389297150148e-01,-1.797958049935196589e-01
4.847288899602458234e-01,2.240809613281524726e-01,-1.797958049935196589e-01
4.847288899602458234e-01,2.229349837265899581e-01,-1.797958049935196589e-01
4.847288899602458234e-01,2.217890061250274158e-01,-1.797958049935196589e-01
4.847288899602458234e-01,2.206430285234648736e-01,-1.797958049935196589e-01
4.847288899602458234e-01,2.194970509219023591e-01,-1.797958049935196589e-01
4.847288899602458234e-01,2.183510733203398169e-01,-1.797958049935196589e-01
4.847288899602458234e-01,2.172050957187772746e-01,-1.797958049935196589e-01
4.847288899602458234e-01,2.160591181172147601e-01,-1.797958049935196589e-01
4.847288899602458234e-01,2.149131405156522179e-01,-1.797958049935196589e-01
4.847288899602458234e-01,2.137671629140897034e-01,-1.797958049935196589e-01
4.847288899602458234e-01,2.126211853125271611e-01,-1.797958049935196589e-01
4.847288899602458234e-01,2.114752077109646189e-01,-1.797958049935196589e-01
4.847288899602458234e-01,2.103292301094021044e-01,-1.797958049935196589e-01
4.847288899602458234e-01,2.091832525078395622e-01,-1.797958049935196589e-01
4.847288899602458234e-01,2.080372749062770199e-01,-1.797958049935196589e-01
4.847288899602458234e-01,2.068912973047145054e-01,-1.797958049935196589e-01
4.847288899602458234e-01,2.057453197031519632e-01,-1.797958049935196589e-01
4.847288899602458234e-01,2.045993421015894209e-01,-1.797958049935196589e-01
4.847288899602458234e-01,2.034533645000269064e-01,-1.797958049935196589e-01
4.847288899602458234e-01,2.023073868984643642e-01,-1.797958049935196589e-01
4.847288899602458234e-01,2.011614092969018219e-01,-1.797958049935196589e-01
4.847288899602458234e-01,2.000154316953393074e-01,-1.797958049935196589e-01
4.847288899602458234e-01,1.988694540937767652e-01,-1.797958049935196589e-01
4.847288899602458234e-01,1.977234764922142229e-01,-1.797958049935196589e-01
4.847288899602458234e-01,1.965774988906517085e-01,-1.797958049935196589e-01
4.847288899602458234e-01,1.954315212890891662e-01,-1.797958049935196589e-01
4.847288899602458234e-01,1.942855436875266517e-01,-1.797958049935196589e-01
4.847288899602458234e-01,1.931395660859641095e-01,-1.797958049935196589e-01
4.847288899602458234e-01,1.919935884844015672e-01,-1.797958049935196589e-01
4.847288899602458234e-01,1.908476108828390527e-01,-1.797958049935196589e-01
4.847288899602458234e-01,1.897016332812765105e-01,-1.797958049935196589e-01
4.847288899602458234e-01,1.885556556797139682e-01,-1.797958049935196589e-01
4.847288899602458234e-01,1.874096780781514537e-01,-1.797958049935196589e-01
4.847288899602458234e-01,1.862637004765889115e-01,-1.797958049935196589e-01
4.847288899602458234e-01,1.851177228750263692e-01,-1.797958049935196589e-01
4.847288899602458234e-01,1.839717452734638548e-01,-1.797958049935196589e-01
4.847288899602458234e-01,1.828257676719013125e-01,-1.797958049935196589e-01
4.847288899602458234e-01,1.816797900703387703e-01,-1.797958049935196589e-01
4.847288899602458234e-01,1.805338124687762558e-01,-1.797958049935196589e-01
4.847288899602458234e-01,1.793878348672137135e-01,-1.797958049935196589e-01
4.847288899602458234e-01,1.782418572656511713e-01,-1.797958049935196589e-01
4.847288899602458234e-01,1.770958796640886568e-01,-1.797958049935196589e-01
4.847288899602458234e-01,1.759499020625261145e-01,-1.797958049935196589e-01
4.847288899602458234e-01,1.748039244609636000e-01,-1.797958049935196589e-01
4.847288899602458234e-01,1.736579468594010578e-01,-1.797958049935196589e-01
4.847288899602458234e-01,1.725119692578385155e-01,-1.797958049935196589e-01
4.847288899602458234e-01,1.713659916562760011e-01,-1.797958049935196589e-01
4.847288899602458234e-01,1.702200140547134588e-01,-1.797958049935196589e-01
4.847288899602458234e-01,1.690740364531509166e-01,-1.797958049935196589e-01
4.847288899602458234e-01,1.679280588515884021e-01,-1.797958049935196589e-01
4.847288899602458234e-01,1.667820812500258598e-01,-1.797958049935196589e-01
4.847288899602458234e-01,1.656361036484633176e-01,-1.797958049935196589e-01
4.847288899602458234e-01,1.644901260469008031e-01,-1.797958049935196589e-01
4.847288899602458234e-01,1.633441484453382608e-01,-1.797958049935196589e-01
4.847288899602458234e-01,1.621981708437757186e-01,-1.797958049935196589e-01
4.847288899602458234e-01,1.610521932422132041e-01,-1.797958049935196589e-01
4.847288899602458234e-01,1.599062156406506618e-01,-1.797958049935196589e-01
4.847288899602458234e-01,1.587602380390881196e-01,-1.797958049935196589e-01
4.847288899602458234e-01,1.576142604375256051e-01,-1.797958049935196589e-01
4.847288899602458234e-01,1.564682828359630629e-01,-1.797958049935196589e-01
4.847288899602458234e-01,1.553223052344005206e-01,-1.797958049935196589e-01
4.847288899602458234e-01,1.541763276328380061e-01,-1.797958049935196589e-01
4.847288899602458234e-01,1.530303500312754639e-01,-1.797958049935196589e-01
4.847288899602458234e-01,1.518843724297129494e-01,-1.797958049935196589e-01
4.847288899602458234e-01,1.507383948281504071e-01,-1.797958049935196589e-01
4.847288899602458234e-01,1.495924172265878649e-01,-1.797958049935196589e-01
4.847288899602458234e-01,1.484464396250253504e-01,-1.797958049935196589e-01
4.847288899602458234e-01,1.473004620234628081e-01,-1.797958049935196589e-01
4.847288899602458234e-01,1.461544844219002659e-01,-1.797958049935196589e-01
4.847288899602458234e-01,1.450085068203377514e-01,-1.797958049935196589e-01
4.847288899602458234e-01,1.438625292187751814e-01,-1.797958049935196589e-01
4.847288899602458234e-01,1.427165516172126947e-01,-1.797958049935196589e-01
4.847288899602458234e-01,1.415705740156501524e-01,-1.797958049935196589e-01
4.847288899602458234e-01,1.404245964140876102e-01,-1.797958049935196589e-01
4.847288899602458234e-01,1.392786188125250679e-01,-1.797958049935196589e-01
4.847288899602458234e-01,1.381326412109625257e-01,-1.797958049935196589e-01
4.847288899602458234e-01,1.369866636094000389e-01,-1.797958049935196589e-01
4.847288899602458234e-01,1.358406860078374967e-01,-1.797958049935196589e-01
4.847288899602458234e-01,1.346947084062749544e-01,-1.797958049935196589e-01
4.847288899602458234e-01,1.335487308047124122e-01,-1.797958049935196589e-01
4.847288899602458234e-01,1.324027532031498700e-01,-1.797958049935196589e-01
4.847288899602458234e-01,1.312567756015873277e-01,-1.797958049935196589e-01
4.847288899602458234e-01,1.301107980000248410e-01,-1.797958049935196589e-01
4.847288899602458234e-01,1.289648203984622987e-01,-1.797958049935196589e-01
4.847288899602458234e-01,1.278188427968997565e-01,-1.797958049935196589e-01
4.847288899602458234e-01,1.266728651953372142e-01,-1.797958049935196589e-01
4.847288899602458234e-01,1.255268875937746720e-01,-1.797958049935196589e-01
4.847288899602458234e-01,1.243809099922121297e-01,-1.797958049935196589e-01
4.847288899602458234e-01,1.232349323906496430e-01,-1.797958049935196589e-01
4.847288899602458234e-01,1.220889547890871007e-01,-1.797958049935196589e-01
4.847288899602458234e-01,1.209429771875245585e-01,-1.797958049935196589e-01
4.847288899602458234e-01,1.197969995859620163e-01,-1.797958049935196589e-01
4.847288899602458234e-01,1.186510219843994740e-01,-1.797958049935196589e-01
4.847288899602458234e-01,1.175050443828369873e-01,-1.797958049935196589e-01
4.847288899602458234e-01,1.163590667812744450e-01,-1.797958049935196589e-01
4.847288899602458234e-01,1.152130891797119028e-01,-1.797958049935196589e-01
4.847288899602458234e-01,1.140671115781493605e-01,-1.797958049935196589e-01
4.847288899602458234e-01,1.129211339765868183e-01,-1.797958049935196589e-01
4.847288899602458234e-01,1.117751563750242760e-01,-1.797958049935196589e-01
4.847288899602458234e-01,1.106291787734617893e-01,-1.797958049935196589e-01
4.847288899602458234e-01,1.094832011718992471e-01,-1.797958049935196589e-01
4.847288899602458234e-01,1.083372235703367048e-01,-1.797958049935196589e-01
4.847288899602458234e-01,1.071912459687741626e-01,-1.797958049935196589e-01
4.847288899602458234e-01,1.060452683672116203e-01,-1.797958049935196589e-01
4.847288899602458234e-01,1.048992907656490781e-01,-1.797958049935196589e-01
4.847288899602458234e-01,1.037533131640865913e-01,-1.797958049935196589e-01
4.847288899602458234e-01,1.026073355625240491e-01,-1.797958049935196589e-01
4.847288899602458234e-01,1.014613579609615068e-01,-1.797958049935196589e-01
4.847288899602458234e-01,1.003153803593989646e-01,-1.797958049935196589e-01
4.847288899602458234e-01,9.916940275783642234e-02,-1.797958049935196589e-01
4.847288899602458234e-01,9.802342515627393560e-02,-1.797958049935196589e-01
4.847288899602458234e-01,9.687744755471139335e-02,-1.797958049935196589e-01
4.847288899602458234e-01,9.573146995314885110e-02,-1.797958049935196589e-01
4.847288899602458234e-01,9.458549235158630886e-02,-1.797958049935196589e-01
4.847288899602458234e-01,9.343951475002376661e-02,-1.797958049935196589e-01
4.847288899602458234e-01,9.229353714846122436e-02,-1.797958049935196589e-01
4.847288899602458234e-01,9.114755954689873763e-02,-1.797958049935196589e-01
4.847288899602458234e-01,9.000158194533619538e-02,-1.797958049935196589e-01
4.847288899602458234e-01,8.885560434377365313e-02,-1.797958049935196589e-01
4.847288899602458234e-01,8.770962674221111088e-02,-1.797958049935196589e-01
4.847288899602458234e-01,8.656364914064856864e-02,-1.797958049935196589e-01
4.847288899602458234e-01,8.541767153908602639e-02,-1.797958049935196589e-01
4.847288899602458234e-01,8.427169393752353965e-02,-1.797958049935196589e-01
4.847288899602458234e-01,8.312571633596099741e-02,-1.797958049935196589e-01
4.847288899602458234e-01,8.197973873439845516e-02,-1.797958049935196589e-01
4.847288899602458234e-01,8.083376113283591291e-02,-1.797958049935196589e-01
4.847288899602458234e-01,7.968778353127337066e-02,-1.797958049935196589e-01
4.847288899602458234e-01,7.854180592971088393e-02,-1.797958049935196589e-01
4.847288899602458234e-01,7.739582832814834168e-02,-1.797958049935196589e-01
4.847288899602458234e-01,7.624985072658579943e-02,-1.797958049935196589e-01
4.847288899602458234e-01,7.510387312502325718e-02,-1.797958049935196589e-01
4.847288899602458234e-01,7.395789552346071494e-02,-1.797958049935196589e-01
4.847288899602458234e-01,7.281191792189817269e-02,-1.797958049935196589e-01
4.847288899602458234e-01,7.166594032033568595e-02,-1.797958049935196589e-01
4.847288899602458234e-01,7.051996271877314371e-02,-1.797958049935196589e-01
4.847288899602458234e-01,6.937398511721060146e-02,-1.797958049935196589e-01
4.847288899602458234e-01,6.822800751564805921e-02,-1.797958049935196589e-01
4.847288899602458234e-01,6.708202991408551696e-02,-1.797958049935196589e-01
4.847288899602458234e-01,6.593605231252297472e-02,-1.797958049935196589e-01
4.847288899602458234e-01,6.479007471096048798e-02,-1.797958049935196589e-01
4.847288899602458234e-01,6.364409710939794573e-02,-1.797958049935196589e-01
4.847288899602458234e-01,6.249811950783540349e-02,-1.797958049935196589e-01
4.847288899602458234e-01,6.135214190627286124e-02,-1.797958049935196589e-01
4.847288899602458234e-01,6.020616430471031899e-02,-1.797958049935196589e-01
4.847288899602458234e-01,5.906018670314783225e-02,-1.797958049935196589e-01
4.847288899602458234e-01,5.791420910158529001e-02,-1.797958049935196589e-01
4.847288899602458234e-01,5.676823150002274776e-02,-1.797958049935196589e-01
4.847288899602458234e-01,5.562225389846020551e-02,-1.797958049935196589e-01
4.847288899602458234e-01,5.447627629689766326e-02,-1.797958049935196589e-01
4.847288899602458234e-01,5.333029869533512102e-02,-1.797958049935196589e-01
4.847288899602458234e-01,5.218432109377263428e-02,-1.797958049935196589e-01
4.847288899602458234e-01,5.103834349221009203e-02,-1.797958049935196589e-01
4.847288899602458234e-01,4.989236589064754979e-02,-1.797958049935196589e-01
4.847288899602458234e-01,4.874638828908500754e-02,-1.797958049935196589e-01
4.847288899602458234e-01,4.760041068752246529e-02,-1.797958049935196589e-01
4.847288899602458234e-01,4.645443308595992304e-02,-1.797958049935196589e-01
4.847288899602458234e-01,4.530845548439743631e-02,-1.797958049935196589e-01
4.847288899602458234e-01,4.416247788283489406e-02,-1.797958049935196589e-01
4.847288899602458234e-01,4.301650028127235181e-02,-1.797958049935196589e-01
4.847288899602458234e-01,4.187052267970980957e-02,-1.797958049935196589e-01
4.847288899602458234e-01,4.072454507814726732e-02,-1.797958049935196589e-01
4.847288899602458234e-01,3.957856747658472507e-02,-1.797958049935196589e-01
4.847288899602458234e-01,3.843258987502223833e-02,-1.797958049935196589e-01
4.847288899602458234e-01,3.728661227345969609e-02,-1.797958049935196589e-01
4.847288899602458234e-01,3.614063467189715384e-02,-1.797958049935196589e-01
4.847288899602458234e-01,3.499465707033461159e-02,-1.797958049935196589e-01
4.847288899602458234e-01,3.384867946877206935e-02,-1.797958049935196589e-01
4.847288899602458234e-01,3.270270186720958261e-02,-1.797958049935196589e-01
4.847288899602458234e-01,3.155672426564704036e-02,-1.797958049935196589e-01
4.847288899602458234e-01,3.041074666408449811e-02,-1.797958049935196589e-01
4.847288899602458234e-01,2.926476906252195587e-02,-1.797958049935196589e-01
4.847288899602458234e-01,2.811879146095941362e-02,-1.797958049935196589e-01
4.847288899602458234e-01,2.697281385939687137e-02,-1.797958049935196589e-01
4.847288899602458234e-01,2.582683625783438464e-02,-1.797958049935196589e-01
4.847288899602458234e-01,2.468085865627184239e-02,-1.797958049935196589e-01
4.847288899602458234e-01,2.353488105470930014e-02,-1.797958049935196589e-01
4.847288899602458234e-01,2.238890345314675789e-02,-1.797958049935196589e-01
4.847288899602458234e-01,2.124292585158421565e-02,-1.797958049935196589e-01
4.847288899602458234e-01,2.009694825002167340e-02,-1.797958049935196589e-01
4.847288899602458234e-01,1.895097064845918666e-02,-1.797958049935196589e-01
4.847288899602458234e-01,1.780499304689664442e-02,-1.797958049935196589e-01
4.847288899602458234e-01,1.665901544533410217e-02,-1.797958049935196589e-01
4.847288899602458234e-01,1.551303784377155992e-02,-1.797958049935196589e-01
4.847288899602458234e-01,1.436706024220901767e-02,-1.797958049935196589e-01
4.847288899602458234e-01,1.322108264064653094e-02,-1.797958049935196589e-01
4.847288899602458234e-01,1.207510503908398869e-02,-1.797958049935196589e-01
4.847288899602458234e-01,1.092912743752144644e-02,-1.797958049935196589e-01
4.847288899602458234e-01,9.783149835958904195e-03,-1.797958049935196589e-01
4.847288899602458234e-01,8.637172234396361947e-03,-1.797958049935196589e-01
4.847288899602458234e-01,7.491194632833819700e-03,-1.797958049935196589e-01
4.847288899602458234e-01,6.345217031271332964e-03,-1.797958049935196589e-01
4.847288899602458234e-01,5.199239429708790716e-03,-1.797958049935196589e-01
4.847288899602458234e-01,4.053261828146248469e-03,-1.797958049935196589e-01
4.847288899602458234e-01,2.907284226583706221e-03,-1.797958049935196589e-01
4.847288899602458234e-01,1.761306625021163974e-03,-1.797958049935196589e-01
4.847288899602458234e-01,6.153290234586217267e-04,-1.797958049935196589e-01
4.847288899602458234e-01,-5.306485781038650096e-04,-1.797958049935196589e-01
4.847288899602458234e-01,-1.676626179666407257e-03,-1.797958049935196589e-01
4.847288899602458234e-01,-2.822603781228949504e-03,-1.797958049935196589e-01
4.847288899602458234e-01,-3.968581382791491752e-03,-1.797958049935196589e-01
4.847288899602458234e-01,-5.114558984354033999e-03,-1.797958049935196589e-01
4.847288899602458234e-01,-6.260536585916520735e-03,-1.797958049935196589e-01
4.847288899602458234e-01,-7.406514187479062983e-03,-1.797958049935196589e-01
4.847288899602458234e-01,-8.552491789041605230e-03,-1.797958049935196589e-01
4.847288899602458234e-01,-9.698469390604147478e-03,-1.797958049935196589e-01
4.847288899602458234e-01,-1.084444699216668972e-02,-1.797958049935196589e-01
4.847288899602458234e-01,-1.199042459372923197e-02,-1.797958049935196589e-01
4.847288899602458234e-01,-1.313640219529171871e-02,-1.797958049935196589e-01
4.847288899602458234e-01,-1.428237979685426096e-02,-1.797958049935196589e-01
4.847288899602458234e-01,-1.542835739841680320e-02,-1.797958049935196589e-01
4.847288899602458234e-01,-1.657433499997934545e-02,-1.797958049935196589e-01
4.847288899602458234e-01,-1.772031260154188770e-02,-1.797958049935196589e-01
4.847288899602458234e-01,-1.886629020310442995e-02,-1.797958049935196589e-01
4.847288899602458234e-01,-2.001226780466691668e-02,-1.797958049935196589e-01
4.847288899602458234e-01,-2.115824540622945893e-02,-1.797958049935196589e-01
4.847288899602458234e-01,-2.230422300779200118e-02,-1.797958049935196589e-01
4.847288899602458234e-01,-2.345020060935454342e-02,-1.797958049935196589e-01
4.847288899602458234e-01,-2.459617821091708567e-02,-1.797958049935196589e-01
4.847288899602458234e-01,-2.574215581247957241e-02,-1.797958049935196589e-01
4.847288899602458234e-01,-2.688813341404211466e-02,-1.797958049935196589e-01
4.847288899602458234e-01,-2.803411101560465690e-02,-1.797958049935196589e-01
4.847288899602458234e-01,-2.918008861716719915e-02,-1.797958049935196589e-01
4.847288899602458234e-01,-3.032606621872974140e-02,-1.797958049935196589e-01
4.847288899602458234e-01,-3.147204382029228364e-02,-1.797958049935196589e-01
4.847288899602458234e-01,-3.261802142185477038e-02,-1.797958049935196589e-01
4.847288899602458234e-01,-3.376399902341731263e-02,-1.797958049935196589e-01
4.847288899602458234e-01,-3.490997662497985488e-02,-1.797958049935196589e-01
4.847288899602458234e-01,-3.605595422654239712e-02,-1.797958049935196589e-01
4.847288899602458234e-01,-3.720193182810493937e-02,-1.797958049935196589e-01
4.847288899602458234e-01,-3.834790942966748162e-02,-1.797958049935196589e-01
4.847288899602458234e-01,-3.949388703122996835e-02,-1.797958049935196589e-01
4.847288899602458234e-01,-4.063986463279251060e-02,-1.797958049935196589e-01
4.847288899602458234e-01,-4.178584223435505285e-02,-1.797958049935196589e-01
4.847288899602458234e-01,-4.293181983591759510e-02,-1.797958049935196589e-01
4.847288899602458234e-01,-4.407779743748013734e-02,-1.797958049935196589e-01
4.847288899602458234e-01,-4.522377503904262408e-02,-1.797958049935196589e-01
4.847288899602458234e-01,-4.636975264060516633e-02,-1.797958049935196589e-01
4.847288899602458234e-01,-4.751573024216770857e-02,-1.797958049935196589e-01
4.847288899602458234e-01,-4.866170784373025082e-02,-1.797958049935196589e-01
4.847288899602458234e-01,-4.980768544529279307e-02,-1.797958049935196589e-01
4.847288899602458234e-01,-5.095366304685533532e-02,-1.797958049935196589e-01
4.847288899602458234e-01,-5.209964064841782205e-02,-1.797958049935196589e-01
4.847288899602458234e-01,-5.324561824998036430e-02,-1.797958049935196589e-01
4.847288899602458234e-01,-5.439159585154290655e-02,-1.797958049935196589e-01
4.847288899602458234e-01,-5.553757345310544880e-02,-1.797958049935196589e-01
4.847288899602458234e-01,-5.668355105466799104e-02,-1.797958049935196589e-01
4.847288899602458234e-01,-5.782952865623053329e-02,-1.797958049935196589e-01
4.847288899602458234e-01,-5.897550625779302003e-02,-1.797958049935196589e-01
4.847288899602458234e-01,-6.012148385935556227e-02,-1.797958049935196589e-01
4.847288899602458234e-01,-6.126746146091810452e-02,-1.797958049935196589e-01
4.847288899602458234e-01,-6.241343906248064677e-02,-1.797958049935196589e-01
4.847288899602458234e-01,-6.355941666404318902e-02,-1.797958049935196589e-01
4.847288899602458234e-01,-6.470539426560573126e-02,-1.797958049935196589e-01
4.847288899602458234e-01,-6.585137186716821800e-02,-1.797958049935196589e-01
4.847288899602458234e-01,-6.699734946873076025e-02,-1.797958049935196589e-01
4.847288899602458234e-01,-6.814332707029330249e-02,-1.797958049935196589e-01
4.847288899602458234e-01,-6.928930467185584474e-02,-1.797958049935196589e-01
4.847288899602458234e-01,-7.043528227341838699e-02,-1.797958049935196589e-01
4.847288899602458234e-01,-7.158125987498087373e-02,-1.797958049935196589e-01
4.847288899602458234e-01,-7.272723747654341597e-02,-1.797958049935196589e-01
4.847288899602458234e-01,-7.387321507810595822e-02,-1.797958049935196589e-01
4.847288899602458234e-01,-7.501919267966850047e-02,-1.797958049935196589e-01
4.847288899602458234e-01,-7.616517028123104271e-02,-1.797958049935196589e-01
4.847288899602458234e-01,-7.731114788279358496e-02,-1.797958049935196589e-01
4.847288899602458234e-01,-7.845712548435607170e-02,-1.797958049935196589e-01
4.847288899602458234e-01,-7.960310308591861395e-02,-1.797958049935196589e-01
4.847288899602458234e-01,-8.074908068748115619e-02,-1.797958049935196589e-01
4.847288899602458234e-01,-8.189505828904369844e-02,-1.797958049935196589e-01
4.847288899602458234e-01,-8.304103589060624069e-02,-1.797958049935196589e-01
4.847288899602458234e-01,-8.418701349216878294e-02,-1.797958049935196589e-01
4.847288899602458234e-01,-8.533299109373126967e-02,-1.797958049935196589e-01
4.847288899602458234e-01,-8.647896869529381192e-02,-1.797958049935196589e-01
4.847288899602458234e-01,-8.762494629685635417e-02,-1.797958049935196589e-01
4.847288899602458234e-01,-8.877092389841889641e-02,-1.797958049935196589e-01
4.847288899602458234e-01,-8.991690149998143866e-02,-1.797958049935196589e-01
4.847288899602458234e-01,-9.106287910154392540e-02,-1.797958049935196589e-01
4.847288899602458234e-01,-9.220885670310646764e-02,-1.797958049935196589e-01
4.847288899602458234e-01,-9.335483430466900989e-02,-1.797958049935196589e-01
4.847288899602458234e-01,-9.450081190623155214e-02,-1.797958049935196589e-01
4.847288899602458234e-01,-9.564678950779409439e-02,-1.797958049935196589e-01
4.847288899602458234e-01,-9.679276710935663663e-02,-1.797958049935196589e-01
4.847288899602458234e-01,-9.793874471091912337e-02,-1.797958049935196589e-01
4.847288899602458234e-01,-9.908472231248166562e-02,-1.797958049935196589e-01
4.847288899602458234e-01,-1.002306999140442079e-01,-1.797958049935196589e-01
4.847288899602458234e-01,-1.013766775156067501e-01,-1.797958049935196589e-01
4.847288899602458234e-01,-1.025226551171692924e-01,-1.797958049935196589e-01
4.847288899602458234e-01,-1.036686327187318346e-01,-1.797958049935196589e-01
4.847288899602458234e-01,-1.048146103202943213e-01,-1.797958049935196589e-01
4.847288899602458234e-01,-1.059605879218569191e-01,-1.797958049935196589e-01
4.847288899602458234e-01,-1.071065655234194613e-01,-1.797958049935196589e-01
4.847288899602458234e-01,-1.082525431249818926e-01,-1.797958049935196589e-01
4.847288899602458234e-01,-1.093985207265444348e-01,-1.797958049935196589e-01
4.847288899602458234e-01,-1.105444983281069771e-01,-1.797958049935196589e-01
4.847288899602458234e-01,-1.116904759296695193e-01,-1.797958049935196589e-01
4.847288899602458234e-01,-1.128364535312320616e-01,-1.797958049935196589e-01
4.847288899602458234e-01,-1.139824311327946038e-01,-1.797958049935196589e-01
4.847288899602458234e-01,-1.151284087343571461e-01,-1.797958049935196589e-01
4.847288899602458234e-01,-1.162743863359196883e-01,-1.797958049935196589e-01
4.847288899602458234e-01,-1.174203639374822306e-01,-1.797958049935196589e-01
4.847288899602458234e-01,-1.185663415390447728e-01,-1.797958049935196589e-01
4.847288899602458234e-01,-1.197123191406073150e-01,-1.797958049935196589e-01
4.847288899602458234e-01,-1.208582967421697463e-01,-1.797958049935196589e-01
4.847288899602458234e-01,-1.220042743437322885e-01,-1.797958049935196589e-01
4.847288899602458234e-01,-1.231502519452948308e-01,-1.797958049935196589e-01
4.847288899602458234e-01,-1.242962295468573730e-01,-1.797958049935196589e-01
4.847288899602458234e-01,-1.254422071484199153e-01,-1.797958049935196589e-01
4.847288899602458234e-01,-1.265881847499824575e-01,-1.797958049935196589e-01
4.847288899602458234e-01,-1.277341623515449998e-01,-1.797958049935196589e-01
4.847288899602458234e-01,-1.288801399531075420e-01,-1.797958049935196589e-01
4.847288899602458234e-01,-1.300261175546700843e-01,-1.797958049935196589e-01
4.847288899602458234e-01,-1.311720951562326265e-01,-1.797958049935196589e-01
4.847288899602458234e-01,-1.323180727577951687e-01,-1.797958049935196589e-01
4.847288899602458234e-01,-1.334640503593576000e-01,-1.797958049935196589e-01
4.847288899602458234e-01,-1.346100279609201422e-01,-1.797958049935196589e-01
4.847288899602458234e-01,-1.357560055624826845e-01,-1.797958049935196589e-01
4.847288899602458234e-01,-1.369019831640452267e-01,-1.797958049935196589e-01
4.847288899602458234e-01,-1.380479607656077690e-01,-1.797958049935196589e-01
4.847288899602458234e-01,-1.391939383671703112e-01,-1.797958049935196589e-01
4.847288899602458234e-01,-1.403399159687328535e-01,-1.797958049935196589e-01
4.847288899602458234e-01,-1.414858935702953957e-01,-1.797958049935196589e-01
4.847288899602458234e-01,-1.426318711718579380e-01,-1.797958049935196589e-01
4.847288899602458234e-01,-1.437778487734204802e-01,-1.797958049935196589e-01
4.847288899602458234e-01,-1.449238263749830224e-01,-1.797958049935196589e-01
4.847288899602458234e-01,-1.460698039765455647e-01,-1.797958049935196589e-01
4.847288899602458234e-01,-1.472157815781079959e-01,-1.797958049935196589e-01
4.847288899602458234e-01,-1.483617591796705382e-01,-1.797958049935196589e-01
4.847288899602458234e-01,-1.495077367812330804e-01,-1.797958049935196589e-01
4.847288899602458234e-01,-1.506537143827956227e-01,-1.797958049935196589e-01
4.847288899602458234e-01,-1.517996919843581649e-01,-1.797958049935196589e-01
4.847288899602458234e-01,-1.529456695859207072e-01,-1.797958049935196589e-01
4.847288899602458234e-01,-1.540916471874832494e-01,-1.797958049935196589e-01
4.847288899602458234e-01,-1.552376247890457917e-01,-1.797958049935196589e-01
4.847288899602458234e-01,-1.563836023906083339e-01,-1.797958049935196589e-01
4.847288899602458234e-01,-1.575295799921708761e-01,-1.797958049935196589e-01
4.847288899602458234e-01,-1.586755575937334184e-01,-1.797958049935196589e-01
4.847288899602458234e-01,-1.598215351952958496e-01,-1.797958049935196589e-01
4.847288899602458234e-01,-1.609675127968583919e-01,-1.797958049935196589e-01
4.847288899602458234e-01,-1.621134903984209341e-01,-1.797958049935196589e-01
4.847288899602458234e-01,-1.632594679999834764e-01,-1.797958049935196589e-01
4.847288899602458234e-01,-1.644054456015460186e-01,-1.797958049935196589e-01
4.847288899602458234e-01,-1.655514232031085609e-01,-1.797958049935196589e-01
4.847288899602458234e-01,-1.666974008046711031e-01,-1.797958049935196589e-01
4.847288899602458234e-01,-1.678433784062336454e-01,-1.797958049935196589e-01
4.847288899602458234e-01,-1.689893560077961876e-01,-1.797958049935196589e-01
4.847288899602458234e-01,-1.701353336093587298e-01,-1.797958049935196589e-01
4.847288899602458234e-01,-1.712813112109212721e-01,-1.797958049935196589e-01
4.847288899602458234e-01,-1.724272888124837033e-01,-1.797958049935196589e-01
4.847288899602458234e-01,-1.735732664140462456e-01,-1.797958049935196589e-01
4.847288899602458234e-01,-1.747192440156087878e-01,-1.797958049935196589e-01
4.847288899602458234e-01,-1.758652216171713301e-01,-1.797958049935196589e-01
4.847288899602458234e-01,-1.770111992187338723e-01,-1.797958049935196589e-01
4.847288899602458234e-01,-1.781571768202964146e-01,-1.797958049935196589e-01
4.847288899602458234e-01,-1.793031544218589568e-01,-1.797958049935196589e-01
4.847288899602458234e-01,-1.804491320234214990e-01,-1.797958049935196589e-01
4.847288899602458234e-01,-1.815951096249840413e-01,-1.797958049935196589e-01
4.847288899602458234e-01,-1.827410872265465835e-01,-1.797958049935196589e-01
4.847288899602458234e-01,-1.838870648281091258e-01,-1.797958049935196589e-01
4.847288899602458234e-01,-1.850330424296716680e-01,-1.797958049935196589e-01
4.847288899602458234e-01,-1.861790200312340993e-01,-1.797958049935196589e-01
4.847288899602458234e-01,-1.873249976327966415e-01,-1.797958049935196589e-01
4.847288899602458234e-01,-1.884709752343591838e-01,-1.797958049935196589e-01
4.847288899602458234e-01,-1.896169528359217260e-01,-1.797958049935196589e-01
4.847288899602458234e-01,-1.907629304374842683e-01,-1.797958049935196589e-01
4.847288899602458234e-01,-1.919089080390468105e-01,-1.797958049935196589e-01
4.847288899602458234e-01,-1.930548856406093527e-01,-1.797958049935196589e-01
4.847288899602458234e-01,-1.942008632421718950e-01,-1.797958049935196589e-01
4.847288899602458234e-01,-1.953468408437344372e-01,-1.797958049935196589e-01
4.847288899602458234e-01,-1.964928184452969795e-01,-1.797958049935196589e-01
4.847288899602458234e-01,-1.976387960468595217e-01,-1.797958049935196589e-01
4.847288899602458234e-01,-1.987847736484219530e-01,-1.797958049935196589e-01
4.847288899602458234e-01,-1.999307512499844952e-01,-1.797958049935196589e-01
4.847288899602458234e-01,-2.010767288515470375e-01,-1.797958049935196589e-01
4.847288899602458234e-01,-2.022227064531095797e-01,-1.797958049935196589e-01
4.847288899602458234e-01,-2.033686840546721220e-01,-1.797958049935196589e-01
4.847288899602458234e-01,-2.045146616562346642e-01,-1.797958049935196589e-01
4.847288899602458234e-01,-2.056606392577972064e-01,-1.797958049935196589e-01
4.847288899602458234e-01,-2.068066168593597487e-01,-1.797958049935196589e-01
4.847288899602458234e-01,-2.079525944609222909e-01,-1.797958049935196589e-01
4.847288899602458234e-01,-2.090985720624848332e-01,-1.797958049935196589e-01
4.847288899602458234e-01,-2.102445496640473754e-01,-1.797958049935196589e-01
4.847288899602458234e-01,-2.113905272656099177e-01,-1.797958049935196589e-01
4.847288899602458234e-01,-2.125365048671723489e-01,-1.797958049935196589e-01
4.847288899602458234e-01,-2.136824824687348912e-01,-1.797958049935196589e-01
4.847288899602458234e-01,-2.148284600702974334e-01,-1.797958049935196589e-01
4.847288899602458234e-01,-2.159744376718599757e-01,-1.797958049935196589e-01
4.847288899602458234e-01,-2.171204152734225179e-01,-1.797958049935196589e-01
4.847288899602458234e-01,-2.182663928749850601e-01,-1.797958049935196589e-01
4.847288899602458234e-01,-2.194123704765476024e-01,-1.797958049935196589e-01
4.847288899602458234e-01,-2.205583480781101446e-01,-1.797958049935196589e-01
4.847288899602458234e-01,-2.217043256796726869e-01,-1.797958049935196589e-01
4.847288899602458234e-01,-2.228503032812352291e-01,-1.797958049935196589e-01
4.847288899602458234e-01,-2.239962808827977714e-01,-1.797958049935196589e-01
4.847288899602458234e-01,-2.251422584843602026e-01,-1.797958049935196589e-01
4.847288899602458234e-01,-2.262882360859227449e-01,-1.797958049935196589e-01
4.847288899602458234e-01,-2.274342136874852871e-01,-1.797958049935196589e-01
4.847288899602458234e-01,-2.285801912890478294e-01,-1.797958049935196589e-01
4.847288899602458234e-01,-2.297261688906103716e-01,-1.797958049935196589e-01
4.847288899602458234e-01,-2.308721464921729138e-01,-1.797958049935196589e-01
4.847288899602458234e-01,-2.320181240937354561e-01,-1.797958049935196589e-01
4.847288899602458234e-01,-2.331641016952979983e-01,-1.797958049935196589e-01
4.847288899602458234e-01,-2.343100792968605406e-01,-1.797958049935196589e-01
4.847288899602458234e-01,-2.354560568984230828e-01,-1.797958049935196589e-01
4.847288899602458234e-01,-2.366020344999856251e-01,-1.797958049935196589e-01
4.847288899602458234e-01,-2.377480121015480563e-01,-1.797958049935196589e-01
4.847288899602458234e-01,-2.388939897031105986e-01,-1.797958049935196589e-01
4.847288899602458234e-01,-2.400399673046731408e-01,-1.797958049935196589e-01
4.847288899602458234e-01,-2.411859449062356830e-01,-1.797958049935196589e-01
4.847288899602458234e-01,-2.423319225077982253e-01,-1.797958049935196589e-01
4.847288899602458234e-01,-2.434779001093607675e-01,-1.797958049935196589e-01
4.847288899602458234e-01,-2.446238777109233098e-01,-1.797958049935196589e-01
4.847288899602458234e-01,-2.457698553124858520e-01,-1.797958049935196589e-01
4.847288899602458234e-01,-2.469158329140483943e-01,-1.797958049935196589e-01
4.847288899602458234e-01,-2.480618105156109365e-01,-1.797958049935196589e-01
4.847288899602458234e-01,-2.492077881171734788e-01,-1.797958049935196589e-01
4.847288899602458234e-01,-2.503537657187360210e-01,-1.797958049935196589e-01
4.847288899602458234e-01,-2.514997433202984523e-01,-1.797958049935196589e-01
4.847288899602458234e-01,-2.526457209218609945e-01,-1.797958049935196589e-01
4.847288899602458234e-01,-2.537916985234235367e-01,-1.797958049935196589e-01
4.847288899602458234e-01,-2.549376761249860790e-01,-1.797958049935196589e-01
4.847288899602458234e-01,-2.560836537265486212e-01,-1.797958049935196589e-01
4.847288899602458234e-01,-2.572296313281111635e-01,-1.797958049935196589e-01
4.847288899602458234e-01,-2.583756089296737057e-01,-1.797958049935196589e-01
4.847288899602458234e-01,-2.595215865312362480e-01,-1.797958049935196589e-01
4.847288899602458234e-01,-2.606675641327987902e-01,-1.797958049935196589e-01
4.847288899602458234e-01,-2.618135417343613325e-01,-1.797958049935196589e-01
4.847288899602458234e-01,-2.629595193359238747e-01,-1.797958049935196589e-01
4.847288899602458234e-01,-2.641054969374863060e-01,-1.797958049935196589e-01
4.847288899602458234e-01,-2.652514745390488482e-01,-1.797958049935196589e-01
4.847288899602458234e-01,-2.663974521406113904e-01,-1.797958049935196589e-01
4.847288899602458234e-01,-2.675434297421739327e-01,-1.797958049935196589e-01
4.847288899602458234e-01,-2.686894073437364749e-01,-1.797958049935196589e-01
4.847288899602458234e-01,-2.698353849452990172e-01,-1.797958049935196589e-01
4.847288899602458234e-01,-2.709813625468615594e-01,-1.797958049935196589e-01
4.847288899602458234e-01,-2.721273401484241017e-01,-1.797958049935196589e-01
4.847288899602458234e-01,-2.732733177499866439e-01,-1.797958049935196589e-01
4.847288899602458234e-01,-2.744192953515491862e-01,-1.797958049935196589e-01
4.847288899602458234e-01,-2.755652729531117284e-01,-1.797958049935196589e-01
4.847288899602458234e-01,-2.767112505546741597e-01,-1.797958049935196589e-01
4.847288899602458234e-01,-2.778572281562367019e-01,-1.797958049935196589e-01
4.847288899602458234e-01,-2.790032057577992441e-01,-1.797958049935196589e-01
4.847288899602458234e-01,-2.801491833593617864e-01,-1.797958049935196589e-01
4.847288899602458234e-01,-2.812951609609243286e-01,-1.797958049935196589e-01
4.847288899602458234e-01,-2.824411385624868709e-01,-1.797958049935196589e-01
4.847288899602458234e-01,-2.835871161640494131e-01,-1.797958049935196589e-01
4.847288899602458234e-01,-2.847330937656119554e-01,-1.797958049935196589e-01
4.847288899602458234e-01,-2.858790713671744976e-01,-1.797958049935196589e-01
4.847288899602458234e-01,-2.870250489687370399e-01,-1.797958049935196589e-01
4.847288899602458234e-01,-2.881710265702995821e-01,-1.797958049935196589e-01
4.847288899602458234e-01,-2.893170041718621244e-01,-1.797958049935196589e-01
4.847288899602458234e-01,-2.904629817734245556e-01,-1.797958049935196589e-01
4.847288899602458234e-01,-2.916089593749870978e-01,-1.797958049935196589e-01
4.847288899602458234e-01,-2.927549369765496401e-01,-1.797958049935196589e-01
4.847288899602458234e-01,-2.939009145781121823e-01,-1.797958049935196589e-01
4.847288899602458234e-01,-2.950468921796747246e-01,-1.797958049935196589e-01
4.847288899602458234e-01,-2.961928697812372668e-01,-1.797958049935196589e-01
4.847288899602458234e-01,-2.973388473827998091e-01,-1.797958049935196589e-01
4.847288899602458234e-01,-2.984848249843623513e-01,-1.797958049935196589e-01
4.847288899602458234e-01,-2.996308025859248936e-01,-1.797958049935196589e-01
4.847288899602458234e-01,-3.007767801874874358e-01,-1.797958049935196589e-01
4.847288899602458234e-01,-3.019227577890499781e-01,-1.797958049935196589e-01
4.847288899602458234e-01,-3.030687353906124093e-01,-1.797958049935196589e-01
4.847288899602458234e-01,-3.042147129921749515e-01,-1.797958049935196589e-01
4.847288899602458234e-01,-3.053606905937374938e-01,-1.797958049935196589e-01
4.847288899602458234e-01,-3.065066681953000360e-01,-1.797958049935196589e-01
4.847288899602458234e-01,-3.076526457968625783e-01,-1.797958049935196589e-01
4.847288899602458234e-01,-3.087986233984251205e-01,-1.797958049935196589e-01
4.847288899602458234e-01,-3.099446009999876628e-01,-1.797958049935196589e-01
4.847288899602458234e-01,-3.110905786015502050e-01,-1.797958049935196589e-01
4.847288899602458234e-01,-3.122365562031127473e-01,-1.797958049935196589e-01
4.847288899602458234e-01,-3.133825338046752895e-01,-1.797958049935196589e-01
4.847288899602458234e-01,-3.145285114062378318e-01,-1.797958049935196589e-01
4.847288899602458234e-01,-3.156744890078003740e-01,-1.797958049935196589e-01
4.847288899602458234e-01,-3.168204666093628052e-01,-1.797958049935196589e-01
4.847288899602458234e-01,-3.179664442109253475e-01,-1.797958049935196589e-01
4.847288899602458234e-01,-3.191124218124878897e-01,-1.797958049935196589e-01
4.847288899602458234e-01,-3.202583994140504320e-01,-1.797958049935196589e-01
4.847288899602458234e-01,-3.214043770156129742e-01,-1.797958049935196589e-01
4.847288899602458234e-01,-3.225503546171755165e-01,-1.797958049935196589e-01
4.847288899602458234e-01,-3.236963322187380587e-01,-1.797958049935196589e-01
4.847288899602458234e-01,-3.248423098203006010e-01,-1.797958049935196589e-01
4.847288899602458234e-01,-3.259882874218631432e-01,-1.797958049935196589e-01
4.847288899602458234e-01,-3.271342650234256855e-01,-1.797958049935196589e-01
4.847288899602458234e-01,-3.282802426249882277e-01,-1.797958049935196589e-01
4.847288899602458234e-01,-3.294262202265506589e-01,-1.797958049935196589e-01
4.847288899602458234e-01,-3.305721978281132012e-01,-1.797958049935196589e-01
4.847288899602458234e-01,-3.317181754296757434e-01,-1.797958049935196589e-01
4.847288899602458234e-01,-3.328641530312382857e-01,-1.797958049935196589e-01
4.847288899602458234e-01,-3.340101306328008279e-01,-1.797958049935196589e-01
4.847288899602458234e-01,-3.351561082343633702e-01,-1.797958049935196589e-01
4.847288899602458234e-01,-3.363020858359259124e-01,-1.797958049935196589e-01
4.847288899602458234e-01,-3.374480634374884547e-01,-1.797958049935196589e-01
4.847288899602458234e-01,-3.385940410390509969e-01,-1.797958049935196589e-01
4.847288899602458234e-01,-3.397400186406135392e-01,-1.797958049935196589e-01
4.847288899602458234e-01,-3.408859962421760814e-01,-1.797958049935196589e-01
4.847288899602458234e-01,-3.420319738437385126e-01,-1.797958049935196589e-01
4.847288899602458234e-01,-3.431779514453010549e-01,-1.797958049935196589e-01
4.847288899602458234e-01,-3.443239290468635971e-01,-1.797958049935196589e-01
4.847288899602458234e-01,-3.454699066484261394e-01,-1.797958049935196589e-01
4.847288899602458234e-01,-3.466158842499886816e-01,-1.797958049935196589e-01
4.847288899602458234e-01,-3.477618618515512239e-01,-1.797958049935196589e-01
4.847288899602458234e-01,-3.489078394531137661e-01,-1.797958049935196589e-01
4.847288899602458234e-01,-3.500538170546763084e-01,-1.797958049935196589e-01
4.847288899602458234e-01,-3.511997946562388506e-01,-1.797958049935196589e-01
4.847288899602458234e-01,-3.523457722578013929e-01,-1.797958049935196589e-01
4.847288899602458234e-01,-3.534917498593639351e-01,-1.797958049935196589e-01
4.847288899602458234e-01,-3.546377274609264774e-01,-1.797958049935196589e-01
4.847288899602458234e-01,-3.557837050624889086e-01,-1.797958049935196589e-01
4.847288899602458234e-01,-3.569296826640514508e-01,-1.797958049935196589e-01
4.847288899602458234e-01,-3.580756602656139931e-01,-1.797958049935196589e-01
4.847288899602458234e-01,-3.592216378671765353e-01,-1.797958049935196589e-01
4.847288899602458234e-01,-3.603676154687390776e-01,-1.797958049935196589e-01
4.847288899602458234e-01,-3.615135930703016198e-01,-1.797958049935196589e-01
4.847288899602458234e-01,-3.626595706718641621e-01,-1.797958049935196589e-01
4.847288899602458234e-01,-3.638055482734267043e-01,-1.797958049935196589e-01
4.847288899602458234e-01,-3.649515258749892466e-01,-1.797958049935196589e-01
4.847288899602458234e-01,-3.660975034765517888e-01,-1.797958049935196589e-01
4.847288899602458234e-01,-3.672434810781143311e-01,-1.797958049935196589e-01
4.847288899602458234e-01,-3.683894586796767623e-01,-1.797958049935196589e-01
4.847288899602458234e-01,-3.695354362812393045e-01,-1.797958049935196589e-01
4.847288899602458234e-01,-3.706814138828018468e-01,-1.797958049935196589e-01
4.847288899602458234e-01,-3.718273914843643890e-01,-1.797958049935196589e-01
4.847288899602458234e-01,-3.729733690859269313e-01,-1.797958049935196589e-01
4.847288899602458234e-01,-3.741193466874894735e-01,-1.797958049935196589e-01
4.847288899602458234e-01,-3.752653242890520158e-01,-1.797958049935196589e-01
4.847288899602458234e-01,-3.764113018906145580e-01,-1.797958049935196589e-01
4.847288899602458234e-01,-3.775572794921771003e-01,-1.797958049935196589e-01
4.847288899602458234e-01,-3.787032570937396425e-01,-1.797958049935196589e-01
4.847288899602458234e-01,-3.798492346953021848e-01,-1.797958049935196589e-01
4.847288899602458234e-01,-3.809952122968646160e-01,-1.797958049935196589e-01
4.847288899602458234e-01,-3.821411898984271582e-01,-1.797958049935196589e-01
4.847288899602458234e-01,-3.832871674999897005e-01,-1.797958049935196589e-01
4.847288899602458234e-01,-3.844331451015522427e-01,-1.797958049935196589e-01
4.847288899602458234e-01,-3.855791227031147850e-01,-1.797958049935196589e-01
4.847288899602458234e-01,-3.867251003046773272e-01,-1.797958049935196589e-01
4.847288899602458234e-01,-3.878710779062398695e-01,-1.797958049935196589e-01
4.847288899602458234e-01,-3.890170555078024117e-01,-1.797958049935196589e-01
4.847288899602458234e-01,-3.901630331093649540e-01,-1.797958049935196589e-01
4.847288899602458234e-01,-3.913090107109274962e-01,-1.797958049935196589e-01
4.847288899602458234e-01,-3.924549883124900385e-01,-1.797958049935196589e-01
4.847288899602458234e-01,-3.936009659140525807e-01,-1.797958049935196589e-01
4.847288899602458234e-01,-3.947469435156150119e-01,-1.797958049935196589e-01
4.847288899602458234e-01,-3.958929211171775542e-01,-1.797958049935196589e-01
4.847288899602458234e-01,-3.970388987187400964e-01,-1.797958049935196589e-01
4.847288899602458234e-01,-3.981848763203026387e-01,-1.797958049935196589e-01
4.847288899602458234e-01,-3.993308539218651809e-01,-1.797958049935196589e-01
4.847288899602458234e-01,-4.004768315234277232e-01,-1.797958049935196589e-01
4.847288899602458234e-01,-4.016228091249902654e-01,-1.797958049935196589e-01
4.847288899602458234e-01,-4.027687867265528077e-01,-1.797958049935196589e-01
4.847288899602458234e-01,-4.039147643281153499e-01,-1.797958049935196589e-01
4.847288899602458234e-01,-4.050607419296778922e-01,-1.797958049935196589e-01
4.847288899602458234e-01,-4.062067195312404344e-01,-1.797958049935196589e-01
4.847288899602458234e-01,-4.073526971328028656e-01,-1.797958049935196589e-01
4.847288899602458234e-01,-4.084986747343654079e-01,-1.797958049935196589e-01
4.847288899602458234e-01,-4.096446523359279501e-01,-1.797958049935196589e-01
4.847288899602458234e-01,-4.107906299374904924e-01,-1.797958049935196589e-01
4.847288899602458234e-01,-4.119366075390530346e-01,-1.797958049935196589e-01
4.847288899602458234e-01,-4.130825851406155769e-01,-1.797958049935196589e-01
4.847288899602458234e-01,-4.142285627421781191e-01,-1.797958049935196589e-01
4.847288899602458234e-01,-4.153745403437406614e-01,-1.797958049935196589e-01
4.847288899602458234e-01,-4.165205179453032036e-01,-1.797958049935196589e-01
4.847288899602458234e-01,-4.176664955468657459e-01,-1.797958049935196589e-01
4.847288899602458234e-01,-4.188124731484282881e-01,-1.797958049935196589e-01
4.847288899602458234e-01,-4.199584507499908304e-01,-1.797958049935196589e-01
4.847288899602458234e-01,-4.211044283515532616e-01,-1.797958049935196589e-01
4.847288899602458234e-01,-4.222504059531158038e-01,-1.797958049935196589e-01
4.847288899602458234e-01,-4.233963835546783461e-01,-1.797958049935196589e-01
4.847288899602458234e-01,-4.245423611562408883e-01,-1.797958049935196589e-01
4.847288899602458234e-01,-4.256883387578034306e-01,-1.797958049935196589e-01
4.847288899602458234e-01,-4.268343163593659728e-01,-1.797958049935196589e-01
4.847288899602458234e-01,-4.279802939609285151e-01,-1.797958049935196589e-01
4.847288899602458234e-01,-4.291262715624910573e-01,-1.797958049935196589e-01
4.847288899602458234e-01,-4.302722491640535996e-01,-1.797958049935196589e-01
4.847288899602458234e-01,-4.314182267656161418e-01,-1.797958049935196589e-01
4.847288899602458234e-01,-4.325642043671786841e-01,-1.797958049935196589e-01
4.847288899602458234e-01,-4.337101819687411153e-01,-1.797958049935196589e-01
4.847288899602458234e-01,-4.348561595703036575e-01,-1.797958049935196589e-01
4.847288899602458234e-01,-4.360021371718661998e-01,-1.797958049935196589e-01
4.847288899602458234e-01,-4.371481147734287420e-01,-1.797958049935196589e-01
4.847288899602458234e-01,-4.382940923749912843e-01,-1.797958049935196589e-01
4.847288899602458234e-01,-4.394400699765538265e-01,-1.797958049935196589e-01
4.847288899602458234e-01,-4.405860475781163688e-01,-1.797958049935196589e-01
4.847288899602458234e-01,-4.417320251796789110e-01,-1.797958049935196589e-01
4.847288899602458234e-01,-4.428780027812414533e-01,-1.797958049935196589e-01
4.847288899602458234e-01,-4.440239803828039955e-01,-1.797958049935196589e-01
4.847288899602458234e-01,-4.451699579843665378e-01,-1.797958049935196589e-01
4.847288899602458234e-01,-4.463159355859289690e-01,-1.797958049935196589e-01
4.847288899602458234e-01,-4.474619131874915112e-01,-1.797958049935196589e-01
4.847288899602458234e-01,-4.486078907890540535e-01,-1.797958049935196589e-01
4.847288899602458234e-01,-4.497538683906165957e-01,-1.797958049935196589e-01
4.847288899602458234e-01,-4.508998459921791380e-01,-1.797958049935196589e-01
4.847288899602458234e-01,-4.520458235937416802e-01,-1.797958049935196589e-01
4.847288899602458234e-01,-4.531918011953042225e-01,-1.797958049935196589e-01
4.847288899602458234e-01,-4.543377787968667647e-01,-1.797958049935196589e-01
4.847288899602458234e-01,-4.554837563984293070e-01,-1.797958049935196589e-01
4.847288899602458234e-01,-4.566297339999918492e-01,-1.797958049935196589e-01
4.847288899602458234e-01,-4.577757116015543915e-01,-1.797958049935196589e-01
4.847288899602458234e-01,-4.589216892031169337e-01,-1.797958049935196589e-01
4.847288899602458234e-01,-4.600676668046793649e-01,-1.797958049935196589e-01
4.847288899602458234e-01,-4.612136444062419072e-01,-1.797958049935196589e-01
4.847288899602458234e-01,-4.623596220078044494e-01,-1.797958049935196589e-01
4.847288899602458234e-01,-4.635055996093669917e-01,-1.797958049935196589e-01
4.847288899602458234e-01,-4.646515772109295339e-01,-1.797958049935196589e-01
4.847288899602458234e-01,-4.657975548124920762e-01,-1.797958049935196589e-01
4.847288899602458234e-01,-4.669435324140546184e-01,-1.797958049935196589e-01
4.847288899602458234e-01,-4.680895100156171607e-01,-1.797958049935196589e-01
4.847288899602458234e-01,-4.692354876171797029e-01,-1.797958049935196589e-01
4.847288899602458234e-01,-4.703814652187422451e-01,-1.797958049935196589e-01
4.847288899602458234e-01,-4.715274428203047874e-01,-1.797958049935196589e-01
4.847288899602458234e-01,-4.726734204218672186e-01,-1.797958049935196589e-01
4.847288899602458234e-01,-4.738193980234297609e-01,-1.797958049935196589e-01
4.847288899602458234e-01,-4.749653756249923031e-01,-1.797958049935196589e-01
4.847288899602458234e-01,-4.761113532265548454e-01,-1.797958049935196589e-01
4.847288899602458234e-01,-4.772573308281173876e-01,-1.797958049935196589e-01
4.847288899602458234e-01,-4.784033084296799299e-01,-1.797958049935196589e-01
4.847288899602458234e-01,-4.795492860312424721e-01,-1.797958049935196589e-01
4.847288899602458234e-01,-4.806952636328050144e-01,-1.797958049935196589e-01
4.847288899602458234e-01,-4.818412412343675566e-01,-1.797958049935196589e-01
4.847288899602458234e-01,-4.829872188359300988e-01,-1.797958049935196589e-01
4.847288899602458234e-01,-4.841331964374926411e-01,-1.797958049935196589e-01
4.847288899602458234e-01,-4.852791740390550723e-01,-1.797958049935196589e-01
4.847288899602458234e-01,-4.864251516406176146e-01,-1.797958049935196589e-01
4.847288899602458234e-01,-4.875711292421801568e-01,-1.797958049935196589e-01
4.847288899602458234e-01,-4.887171068437426991e-01,-1.797958049935196589e-01
4.847288899602458234e-01,-4.898630844453052413e-01,-1.797958049935196589e-01
4.847288899602458234e-01,-4.910090620468677836e-01,-1.797958049935196589e-01
4.847288899602458234e-01,-4.921550396484303258e-01,-1.797958049935196589e-01
4.847288899602458234e-01,-4.933010172499928681e-01,-1.797958049935196589e-01
4.847288899602458234e-01,-4.944469948515554103e-01,-1.797958049935196589e-01
4.847288899602458234e-01,-4.955929724531179525e-01,-1.797958049935196589e-01
4.847288899602458234e-01,-4.967389500546804948e-01,-1.797958049935196589e-01
4.847288899602458234e-01,-4.978849276562430370e-01,-1.797958049935196589e-01
4.847288899602458234e-01,-4.990309052578054683e-01,-1.797958049935196589e-01
4.847288899602458234e-01,-5.001768828593680105e-01,-1.797958049935196589e-01
4.847288899602458234e-01,-5.013228604609305528e-01,-1.797958049935196589e-01
4.847288899602458234e-01,-5.024688380624930950e-01,-1.797958049935196589e-01
4.847288899602458234e-01,-5.036148156640556373e-01,-1.797958049935196589e-01
4.847288899602458234e-01,-5.047607932656181795e-01,-1.797958049935196589e-01
4.847288899602458234e-01,-5.059067708671807218e-01,-1.797958049935196589e-01
4.847288899602458234e-01,-5.070527484687432640e-01,-1.797958049935196589e-01
4.847288899602458234e-01,-5.081987260703058062e-01,-1.797958049935196589e-01
4.847288899602458234e-01,-5.093447036718683485e-01,-1.797958049935196589e-01
4.847288899602458234e-01,-5.104906812734308907e-01,-1.797958049935196589e-01
4.847288899602458234e-01,-5.116366588749933220e-01,-1.797958049935196589e-01
4.847288899602458234e-01,-5.127826364765558642e-01,-1.797958049935196589e-01
4.847288899602458234e-01,-5.139286140781184065e-01,-1.797958049935196589e-01
4.847288899602458234e-01,-5.150745916796809487e-01,-1.797958049935196589e-01
4.847288899602458234e-01,-5.162205692812434910e-01,-1.797958049935196589e-01
4.847288899602458234e-01,-5.173665468828060332e-01,-1.797958049935196589e-01
4.847288899602458234e-01,-5.185125244843685755e-01,-1.797958049935196589e-01
4.847288899602458234e-01,-5.196585020859311177e-01,-1.797958049935196589e-01
4.847288899602458234e-01,-5.208044796874936599e-01,-1.797958049935196589e-01
4.847288899602458234e-01,-5.219504572890562022e-01,-1.797958049935196589e-01
4.847288899602458234e-01,-5.230964348906187444e-01,-1.797958049935196589e-01
4.847288899602458234e-01,-5.242424124921812867e-01,-1.797958049935196589e-01
4.847288899602458234e-01,-5.253883900937437179e-01,-1.797958049935196589e-01
4.847288899602458234e-01,-5.265343676953062602e-01,-1.797958049935196589e-01
4.847288899602458234e-01,-5.276803452968688024e-01,-1.797958049935196589e-01
4.847288899602458234e-01,-5.288263228984313447e-01,-1.797958049935196589e-01
4.847288899602458234e-01,-5.299723004999938869e-01,-1.797958049935196589e-01
4.847288899602458234e-01,-5.311182781015564291e-01,-1.797958049935196589e-01
4.847288899602458234e-01,-5.322642557031189714e-01,-1.797958049935196589e-01
4.847288899602458234e-01,-5.334102333046815136e-01,-1.797958049935196589e-01
4.847288899602458234e-01,-5.345562109062440559e-01,-1.797958049935196589e-01
4.847288899602458234e-01,-5.357021885078065981e-01,-1.797958049935196589e-01
4.847288899602458234e-01,-5.368481661093691404e-01,-1.797958049935196589e-01
4.847288899602458234e-01,-5.379941437109315716e-01,-1.797958049935196589e-01
4.847288899602458234e-01,-5.391401213124941139e-01,-1.797958049935196589e-01
4.847288899602458234e-01,-5.402860989140566561e-01,-1.797958049935196589e-01
4.847288899602458234e-01,-5.414320765156191984e-01,-1.797958049935196589e-01
4.847288899602458234e-01,-5.425780541171817406e-01,-1.797958049935196589e-01
4.847288899602458234e-01,-5.437240317187442828e-01,-1.797958049935196589e-01
4.847288899602458234e-01,-5.448700093203068251e-01,-1.797958049935196589e-01
4.847288899602458234e-01,-5.460159869218693673e-01,-1.797958049935196589e-01
4.847288899602458234e-01,-5.471619645234319096e-01,-1.797958049935196589e-01
4.847288899602458234e-01,-5.483079421249944518e-01,-1.797958049935196589e-01
4.847288899602458234e-01,-5.494539197265569941e-01,-1.797958049935196589e-01
4.847288899602458234e-01,-5.505998973281194253e-01,-1.797958049935196589e-01
4.847288899602458234e-01,-5.517458749296819676e-01,-1.797958049935196589e-01
4.847288899602458234e-01,-5.528918525312445098e-01,-1.797958049935196589e-01
4.847288899602458234e-01,-5.540378301328070521e-01,-1.797958049935196589e-01
4.847288899602458234e-01,-5.551838077343695943e-01,-1.797958049935196589e-01
4.847288899602458234e-01,-5.563297853359321365e-01,-1.797958049935196589e-01
4.847288899602458234e-01,-5.574757629374946788e-01,-1.797958049935196589e-01
4.847288899602458234e-01,-5.586217405390572210e-01,-1.797958049935196589e-01
4.847288899602458234e-01,-5.597677181406197633e-01,-1.797958049935196589e-01
4.847288899602458234e-01,-5.609136957421823055e-01,-1.797958049935196589e-01
4.847288899602458234e-01,-5.620596733437448478e-01,-1.797958049935196589e-01
4.847288899602458234e-01,-5.632056509453073900e-01,-1.797958049935196589e-01
4.847288899602458234e-01,-5.643516285468698213e-01,-1.797958049935196589e-01
4.847288899602458234e-01,-5.654976061484323635e-01,-1.797958049935196589e-01
4.847288899602458234e-01,-5.666435837499949058e-01,-1.797958049935196589e-01
4.847288899602458234e-01,-5.677895613515574480e-01,-1.797958049935196589e-01
4.847288899602458234e-01,-5.689355389531199902e-01,-1.797958049935196589e-01
4.847288899602458234e-01,-5.700815165546825325e-01,-1.797958049935196589e-01
4.847288899602458234e-01,-5.712274941562450747e-01,-1.797958049935196589e-01
4.847288899602458234e-01,-5.723734717578076170e-01,-1.797958049935196589e-01
4.847288899602458234e-01,-5.735194493593701592e-01,-1.797958049935196589e-01
4.847288899602458234e-01,-5.746654269609327015e-01,-1.797958049935196589e-01
4.847288899602458234e-01,-5.758114045624952437e-01,-1.797958049935196589e-01
4.847288899602458234e-01,-5.769573821640576750e-01,-1.797958049935196589e-01
4.847288899602458234e-01,-5.781033597656202172e-01,-1.797958049935196589e-01
4.847288899602458234e-01,-5.792493373671827595e-01,-1.797958049935196589e-01
4.847288899602458234e-01,-5.803953149687453017e-01,-1.797958049935196589e-01
4.847288899602458234e-01,-5.815412925703078439e-01,-1.797958049935196589e-01
4.847288899602458234e-01,-5.826872701718703862e-01,-1.797958049935196589e-01
4.847288899602458234e-01,-5.838332477734329284e-01,-1.797958049935196589e-01
4.847288899602458234e-01,-5.849792253749954707e-01,-1.797958049935196589e-01
4.847288899602458234e-01,-5.861252029765580129e-01,-1.797958049935196589e-01
4.847288899602458234e-01,-5.872711805781205552e-01,-1.797958049935196589e-01
4.847288899602458234e-01,-5.884171581796830974e-01,-1.797958049935196589e-01
4.847288899602458234e-01,-5.895631357812456397e-01,-1.797958049935196589e-01
4.847288899602458234e-01,-5.907091133828080709e-01,-1.797958049935196589e-01
4.847288899602458234e-01,-5.918550909843706131e-01,-1.797958049935196589e-01
4.847288899602458234e-01,-5.930010685859331554e-01,-1.797958049935196589e-01
4.847288899602458234e-01,-5.941470461874956976e-01,-1.797958049935196589e-01
4.847288899602458234e-01,-5.952930237890582399e-01,-1.797958049935196589e-01
4.847288899602458234e-01,-5.964390013906207821e-01,-1.797958049935196589e-01
4.847288899602458234e-01,-5.975849789921833244e-01,-1.797958049935196589e-01
4.847288899602458234e-01,-5.987309565937458666e-01,-1.797958049935196589e-01
4.847288899602458234e-01,-5.998769341953084089e-01,-1.797958049935196589e-01
4.847288899602458234e-01,-6.010229117968709511e-01,-1.797958049935196589e-01
4.847288899602458234e-01,-6.021688893984334934e-01,-1.797958049935196589e-01
4.847288899602458234e-01,-6.033148669999959246e-01,-1.797958049935196589e-01
4.847288899602458234e-01,-6.044608446015584668e-01,-1.797958049935196589e-01
4.847288899602458234e-01,-6.056068222031211201e-01,-1.797958049935196589e-01
4.847288899602458234e-01,-6.067527998046836624e-01,-1.797958049935196589e-01
4.847288899602458234e-01,-6.078987774062462046e-01,-1.797958049935196589e-01
4.847288899602458234e-01,-6.090447550078087469e-01,-1.797958049935196589e-01
4.847288899602458234e-01,-6.101907326093710671e-01,-1.797958049935196589e-01
4.847288899602458234e-01,-6.113367102109336093e-01,-1.797958049935196589e-01
4.847288899602458234e-01,-6.124826878124961516e-01,-1.797958049935196589e-01
4.847288899602458234e-01,-6.136286654140586938e-01,-1.797958049935196589e-01
4.847288899602458234e-01,-6.147746430156212361e-01,-1.797958049935196589e-01
4.847288899602458234e-01,-6.159206206171837783e-01,-1.797958049935196589e-01
4.847288899602458234e-01,-6.170665982187463205e-01,-1.797958049935196589e-01
4.847288899602458234e-01,-6.182125758203088628e-01,-1.797958049935196589e-01
4.847288899602458234e-01,-6.193585534218714050e-01,-1.797958049935196589e-01
4.847288899602458234e-01,-6.205045310234339473e-01,-1.797958049935196589e-01
4.847288899602458234e-01,-6.216505086249964895e-01,-1.797958049935196589e-01
4.847288899602458234e-01,-6.227964862265590318e-01,-1.797958049935196589e-01
4.847288899602458234e-01,-6.239424638281215740e-01,-1.797958049935196589e-01
4.847288899602458234e-01,-6.250884414296841163e-01,-1.797958049935196589e-01
4.847288899602458234e-01,-6.262344190312466585e-01,-1.797958049935196589e-01
4.847288899602458234e-01,-6.273803966328092008e-01,-1.797958049935196589e-01
4.847288899602458234e-01,-6.285263742343717430e-01,-1.797958049935196589e-01
4.847288899602458234e-01,-6.296723518359342853e-01,-1.797958049935196589e-01
4.847288899602458234e-01,-6.308183294374968275e-01,-1.797958049935196589e-01
4.847288899602458234e-01,-6.319643070390593698e-01,-1.797958049935196589e-01
4.847288899602458234e-01,-6.331102846406219120e-01,-1.797958049935196589e-01
4.847288899602458234e-01,-6.342562622421844543e-01,-1.797958049935196589e-01
4.847288899602458234e-01,-6.354022398437467745e-01,-1.797958049935196589e-01
4.847288899602458234e-01,-6.365482174453093167e-01,-1.797958049935196589e-01
4.847288899602458234e-01,-6.376941950468718590e-01,-1.797958049935196589e-01
4.847288899602458234e-01,-6.388401726484344012e-01,-1.797958049935196589e-01
4.847288899602458234e-01,-6.399861502499969435e-01,-1.797958049935196589e-01
4.847288899602458234e-01,-6.411321278515594857e-01,-1.797958049935196589e-01
4.847288899602458234e-01,-6.422781054531220279e-01,-1.797958049935196589e-01
4.847288899602458234e-01,-6.434240830546845702e-01,-1.797958049935196589e-01
4.847288899602458234e-01,-6.445700606562471124e-01,-1.797958049935196589e-01
4.847288899602458234e-01,-6.457160382578096547e-01,-1.797958049935196589e-01
4.847288899602458234e-01,-6.468620158593721969e-01,-1.797958049935196589e-01
4.847288899602458234e-01,-6.480079934609347392e-01,-1.797958049935196589e-01
4.847288899602458234e-01,-6.491539710624972814e-01,-1.797958049935196589e-01
4.847288899602458234e-01,-6.502999486640598237e-01,-1.797958049935196589e-01
4.847288899602458234e-01,-6.514459262656223659e-01,-1.797958049935196589e-01
4.847288899602458234e-01,-6.525919038671849082e-01,-1.797958049935196589e-01
4.847288899602458234e-01,-6.537378814687474504e-01,-1.797958049935196589e-01
4.847288899602458234e-01,-6.548838590703099927e-01,-1.797958049935196589e-01
4.847288899602458234e-01,-6.560298366718725349e-01,-1.797958049935196589e-01
4.847288899602458234e-01,-6.571758142734350772e-01,-1.797958049935196589e-01
4.847288899602458234e-01,-6.583217918749976194e-01,-1.797958049935196589e-01
4.847288899602458234e-01,-6.594677694765601617e-01,-1.797958049935196589e-01
4.847288899602458234e-01,-6.606137470781227039e-01,-1.797958049935196589e-01
4.847288899602458234e-01,-6.617597246796850241e-01,-1.797958049935196589e-01
4.847288899602458234e-01,-6.629057022812475664e-01,-1.797958049935196589e-01
4.847288899602458234e-01,-6.640516798828101086e-01,-1.797958049935196589e-01
4.847288899602458234e-01,-6.651976574843726508e-01,-1.797958049935196589e-01
4.847288899602458234e-01,-6.663436350859351931e-01,-1.797958049935196589e-01
4.847288899602458234e-01,-6.674896126874977353e-01,-1.797958049935196589e-01
4.847288899602458234e-01,-6.686355902890602776e-01,-1.797958049935196589e-01
4.847288899602458234e-01,-6.697815678906228198e-01,-1.797958049935196589e-01
4.847288899602458234e-01,-6.709275454921853621e-01,-1.797958049935196589e-01
4.847288899602458234e-01,-6.720735230937479043e-01,-1.797958049935196589e-01
4.847288899602458234e-01,-6.732195006953104466e-01,-1.797958049935196589e-01
4.847288899602458234e-01,-6.743654782968729888e-01,-1.797958049935196589e-01
4.847288899602458234e-01,-6.755114558984355311e-01,-1.797958049935196589e-01
4.847288899602458234e-01,-6.766574334999980733e-01,-1.797958049935196589e-01
4.847288899602458234e-01,-6.778034111015606156e-01,-1.797958049935196589e-01
4.847288899602458234e-01,-6.789493887031231578e-01,-1.797958049935196589e-01
4.847288899602458234e-01,-6.800953663046857001e-01,-1.797958049935196589e-01
4.847288899602458234e-01,-6.812413439062482423e-01,-1.797958049935196589e-01
4.847288899602458234e-01,-6.823873215078107846e-01,-1.797958049935196589e-01
4.847288899602458234e-01,-6.835332991093733268e-01,-1.797958049935196589e-01
4.847288899602458234e-01,-6.846792767109358691e-01,-1.797958049935196589e-01
4.847288899602458234e-01,-6.858252543124984113e-01,-1.797958049935196589e-01
4.847288899602458234e-01,-6.869712319140609535e-01,-1.797958049935196589e-01
4.847288899602458234e-01,-6.881172095156232738e-01,-1.797958049935196589e-01
4.847288899602458234e-01,-6.892631871171858160e-01,-1.797958049935196589e-01
4.847288899602458234e-01,-6.904091647187483582e-01,-1.797958049935196589e-01
4.847288899602458234e-01,-6.915551423203109005e-01,-1.797958049935196589e-01
4.847288899602458234e-01,-6.927011199218734427e-01,-1.797958049935196589e-01
4.847288899602458234e-01,-6.938470975234359850e-01,-1.797958049935196589e-01
4.847288899602458234e-01,-6.949930751249985272e-01,-1.797958049935196589e-01
4.847288899602458234e-01,-6.961390527265610695e-01,-1.797958049935196589e-01
4.847288899602458234e-01,-6.972850303281236117e-01,-1.797958049935196589e-01
4.847288899602458234e-01,-6.984310079296861540e-01,-1.797958049935196589e-01
4.847288899602458234e-01,-6.995769855312486962e-01,-1.797958049935196589e-01
4.847288899602458234e-01,-7.007229631328112385e-01,-1.797958049935196589e-01
4.847288899602458234e-01,-7.018689407343737807e-01,-1.797958049935196589e-01
4.847288899602458234e-01,-7.030149183359363230e-01,-1.797958049935196589e-01
4.847288899602458234e-01,-7.041608959374988652e-01,-1.797958049935196589e-01
4.847288899602458234e-01,-7.053068735390614075e-01,-1.797958049935196589e-01
4.847288899602458234e-01,-7.064528511406239497e-01,-1.797958049935196589e-01
4.847288899602458234e-01,-7.075988287421864920e-01,-1.797958049935196589e-01
4.847288899602458234e-01,-7.087448063437490342e-01,-1.797958049935196589e-01
4.847288899602458234e-01,-7.098907839453115765e-01,-1.797958049935196589e-01
4.847288899602458234e-01,-7.110367615468741187e-01,-1.797958049935196589e-01
4.847288899602458234e-01,-7.121827391484366609e-01,-1.797958049935196589e-01
4.847288899602458234e-01,-7.133287167499992032e-01,-1.797958049935196589e-01
4.847288899602458234e-01,-7.144746943515615234e-01,-1.797958049935196589e-01
4.847288899602458234e-01,-7.156206719531240656e-01,-1.797958049935196589e-01
4.847288899602458234e-01,-7.167666495546866079e-01,-1.797958049935196589e-01
4.847288899602458234e-01,-7.179126271562491501e-01,-1.797958049935196589e-01
4.847288899602458234e-01,-7.190586047578116924e-01,-1.797958049935196589e-01
4.847288899602458234e-01,-7.202045823593742346e-01,-1.797958049935196589e-01
4.847288899602458234e-01,-7.213505599609367769e-01,-1.797958049935196589e-01
4.847288899602458234e-01,-7.224965375624993191e-01,-1.797958049935196589e-01
4.847288899602458234e-01,-7.236425151640618614e-01,-1.797958049935196589e-01
4.847288899602458234e-01,-7.247884927656244036e-01,-1.797958049935196589e-01
4.847288899602458234e-01,-7.259344703671869459e-01,-1.797958049935196589e-01
4.847288899602458234e-01,-7.270804479687494881e-01,-1.797958049935196589e-01
4.847288899602458234e-01,-7.282264255703120304e-01,-1.797958049935196589e-01
4.847288899602458234e-01,-7.293724031718745726e-01,-1.797958049935196589e-01
4.847288899602458234e-01,-7.305183807734371149e-01,-1.797958049935196589e-01
4.847288899602458234e-01,-7.316643583749996571e-01,-1.797958049935196589e-01
4.847288899602458234e-01,-7.328103359765621994e-01,-1.797958049935196589e-01
4.847288899602458234e-01,-7.339563135781247416e-01,-1.797958049935196589e-01
4.847288899602458234e-01,-7.351022911796872839e-01,-1.797958049935196589e-01
4.847288899602458234e-01,-7.362482687812498261e-01,-1.797958049935196589e-01
4.847288899602458234e-01,-7.373942463828123683e-01,-1.797958049935196589e-01
4.847288899602458234e-01,-7.385402239843749106e-01,-1.797958049935196589e-01
4.847288899602458234e-01,-7.396862015859372308e-01,-1.797958049935196589e-01
4.847288899602458234e-01,-7.408321791874997730e-01,-1.797958049935196589e-01
4.847288899602458234e-01,-7.419781567890623153e-01,-1.797958049935196589e-01
4.847288899602458234e-01,-7.431241343906248575e-01,-1.797958049935196589e-01
4.847288899602458234e-01,-7.442701119921873998e-01,-1.797958049935196589e-01
4.847288899602458234e-01,-7.454160895937499420e-01,-1.797958049935196589e-01
4.847288899602458234e-01,-7.465620671953124843e-01,-1.797958049935196589e-01
4.847288899602458234e-01,-7.477080447968750265e-01,-1.797958049935196589e-01
4.847288899602458234e-01,-7.488540223984375688e-01,-1.797958049935196589e-01
4.847288899602458234e-01,-7.500000000000000000e-01,-1.797958049935196589e-01
